latitude,longitude,site,landcover
-18.06817012548847,33.043183012165464,Catandica,Dense vegetation
-18.157450373517744,33.04445838955979,Catandica,Dense vegetation
-18.09545997658443,33.12995057802054,Catandica,Dense vegetation
-17.997446343295664,33.12302334751249,Catandica,Dense vegetation
-18.11533482977002,33.06827916843961,Catandica,Dense vegetation
-18.915938139482456,33.157356796582334,Manica,Dense vegetation
-18.922441299985625,33.16049637637283,Manica,Dense vegetation
-18.946195197699776,33.265238814687905,,Building
-18.924443191778757,33.153867403971184,Manica,Dense vegetation
-19.000071401147046,33.08417148377044,,Building
-18.958787195383803,33.13295173328731,Manica,Dense vegetation
-18.983224348162263,33.17527441587687,Manica,Dense vegetation
-19.009623991283526,33.17558725109037,Manica,Dense vegetation
-19.01492064350237,33.13844905960008,Manica,Dense vegetation
-19.01235068926444,33.1457360189703,Manica,Dense vegetation
-18.810445820102927,33.01904461147727,Manica,Dense vegetation
-18.810757873373856,33.010289536631205,Manica,Dense vegetation
-18.844745014959233,33.232249421449445,Manica,Dense vegetation
-24.42739560820499,32.8844767645276,Chokwe,Dense vegetation
-24.439632978491545,32.89106799009527,Chokwe,Dense vegetation
-25.120691354311603,33.67218762746112,Xai-Xai,Wetland
-25.094202590744107,33.71056346249046,Xai-Xai,Wetland
-25.08973803786172,33.73116488514985,Xai-Xai,Wetland
-25.094028413427527,33.76493174111977,Xai-Xai,Wetland
-24.84747525408422,33.455607811882935,,Wetland
-24.79693188243457,33.61753184840063,Xai-Xai,Wetland
-24.8171006328342,33.63112268970411,Xai-Xai,Wetland
-24.400091577442037,33.04791726565941,Chokwe,Wetland
-24.447273831031627,33.04880971739557,Chokwe,Wetland
-24.65314307419439,32.8850396503949,Chokwe,Wetland
-24.637530629106735,32.96422358268086,Chokwe,Wetland
-24.972580662257734,33.75023696219537,Xai-Xai,Dense vegetation
-25.10104271111717,33.76968152439167,,Dense vegetation
-25.107204031519753,33.75819181330842,,Dense vegetation
-25.10535701509796,33.760537917894766,,Dense vegetation
-25.113282920363265,33.73551897617716,Xai-Xai,Dense vegetation
-18.851157735881483,33.275821498168504,,Building
-18.205795505168233,33.255767995489,Catandica,Dense vegetation
-18.194098656212496,33.20702515748691,Catandica,Dense vegetation
-18.19398216946381,33.202697916168226,Catandica,Dense vegetation
-18.828178514057356,33.03844978980509,Manica,Dense vegetation
-19.01455437392737,32.995748301894544,,Dense vegetation
-19.014253883849502,32.99959749611777,,Dense vegetation
-19.021439307518996,33.01231094889657,Manica,Dense vegetation
-19.020947215113093,33.07113804531828,Manica,Dense vegetation
-18.94000456461949,33.111820408964135,Manica,Dense vegetation
-24.376769393752376,33.0384425295286,Chokwe,Dense vegetation
-24.380749710361357,33.04467853357473,Chokwe,Dense vegetation
-24.429111251939727,33.15471139120264,Chokwe,Dense vegetation
-24.43494221117844,33.079215083522705,Chokwe,Dense vegetation
-24.434644600680283,33.066816001388986,Chokwe,Dense vegetation
-24.435432555335602,33.07219719456804,Chokwe,Dense vegetation
-24.422650390016347,33.00486720189323,Chokwe,Dense vegetation
-24.425731910844934,32.93013526782053,Chokwe,Dense vegetation
-24.42620097674813,32.93218339208314,Chokwe,Dense vegetation
-24.548542422806406,33.084493502239596,Chokwe,Dense vegetation
-24.540090942046486,32.85425930414944,Chokwe,Dense vegetation
-24.542554145969575,32.85778922934785,Chokwe,Dense vegetation
-24.603630483438288,32.968133228989025,Chokwe,Dense vegetation
-24.654773489661554,32.97340946702165,Chokwe,Wetland
-17.973267354094343,33.09061712598894,Catandica,Plantation
-17.97467904781935,33.086632177006386,Catandica,Plantation
-24.618973106855954,33.033038231890515,Chokwe,Wetland
-24.430593625732627,32.86086011686192,Chokwe,Water
-17.983840607407362,33.1029101226231,Catandica,Light vegetation
-24.488078829174878,32.982340368076414,Chokwe,Cropland irrigated 1
-24.48927430066517,32.98432269334752,Chokwe,Cropland irrigated 1
-24.48815109610378,32.98603621721772,Chokwe,Cropland irrigated 1
-24.48473165204946,32.979583432254785,Chokwe,Cropland irrigated 1
-24.397410252857057,32.8560251430894,,Cropland irrigated 1
-24.397191523083034,32.86048208191059,,Cropland irrigated 1
-24.398667074291694,32.86122234413324,,Cropland irrigated 1
-24.405302029170333,32.86089498433978,Chokwe,Cropland irrigated 1
-24.403105259581192,32.86130747736398,Chokwe,Cropland irrigated 1
-24.413791017395283,32.839804576530135,,Cropland irrigated 1
-24.421069975495264,32.860223836181454,Chokwe,Cropland irrigated 1
-24.422414340956472,32.871699812392265,Chokwe,Cropland irrigated 1
-24.449988262561234,32.87454316391237,Chokwe,Cropland irrigated 1
-24.451396798064494,32.87234942535825,Chokwe,Cropland irrigated 1
-24.44648157349688,32.8683259384345,Chokwe,Cropland irrigated 1
-24.44501100287498,32.86306603944193,Chokwe,Cropland irrigated 1
-24.44416955817647,32.862307825275565,Chokwe,Cropland irrigated 1
-24.44583374516051,32.86375087786773,Chokwe,Cropland irrigated 1
-24.438445871783106,32.94462837023179,Chokwe,Cropland irrigated 1
-24.43660659042246,32.94660576249027,Chokwe,Cropland irrigated 1
-24.439958665665916,32.9400420429077,Chokwe,Cropland irrigated 1
-24.438400456672642,32.94656674497789,Chokwe,Cropland irrigated 1
-24.470275147156855,32.9868146622265,Chokwe,Cropland irrigated 1
-24.468003153213544,32.988817478783766,Chokwe,Cropland irrigated 1
-24.471473999362146,32.99572816437198,Chokwe,Cropland irrigated 1
-24.465232113381013,32.9985138290025,Chokwe,Cropland irrigated 1
-24.47222524058792,32.997611468557835,Chokwe,Cropland irrigated 1
-24.48148527453067,33.00252282314281,Chokwe,Cropland irrigated 1
-24.474119582773497,33.00830033623261,Chokwe,Cropland irrigated 1
-24.473046535407864,33.003993294976155,Chokwe,Cropland irrigated 1
-24.471901364887522,33.01436186739763,Chokwe,Cropland irrigated 1
-24.476866430551496,33.01092426382131,Chokwe,Cropland irrigated 1
-24.47823448979615,33.00328105744467,Chokwe,Cropland irrigated 1
-24.475418588445194,33.01470146354917,Chokwe,Cropland irrigated 1
-24.526218506530547,33.01757455314817,Chokwe,Cropland irrigated 1
-24.526223800554142,33.014970509074544,Chokwe,Cropland irrigated 1
-18.06756958237833,33.11961830384797,Catandica,Light vegetation
-18.03062791163209,33.12240378563416,Catandica,Light vegetation
-18.001260977980913,33.056119409123504,Catandica,Light vegetation
-18.144177345817607,33.03896098121541,Catandica,Light vegetation
-18.87773202983533,32.96763624767402,Manica,Light vegetation
-18.873847893091888,32.98971105345661,Manica,Light vegetation
-24.551685030465848,33.093313368929664,Chokwe,Cropland irrigated 1
-24.547014221474647,33.09147216982033,Chokwe,Cropland irrigated 1
-24.54686858233327,33.08744609832597,Chokwe,Cropland irrigated 1
-24.568600946948266,33.0712206583035,Chokwe,Cropland irrigated 1
-24.570128201048153,33.07151244455982,Chokwe,Cropland irrigated 1
-24.601128018772787,33.092109869295,Chokwe,Cropland irrigated 1
-24.61092979362884,33.100600803383784,Chokwe,Cropland irrigated 1
-24.59992969490186,33.090214269356,Chokwe,Cropland irrigated 1
-24.66571276266435,33.03664462810723,Chokwe,Cropland irrigated 1
-24.66127867091284,33.04518292552583,Chokwe,Cropland irrigated 1
-24.668188854868454,33.03703130663842,Chokwe,Cropland irrigated 1
-24.664370830046646,33.03315766993514,Chokwe,Cropland irrigated 1
-24.66227774856829,33.03218742912043,Chokwe,Cropland irrigated 1
-24.43646936296062,32.892238147656414,Chokwe,Cropland irrigated 1
-24.437496345295457,32.893459246507774,Chokwe,Cropland irrigated 1
-18.868081773139785,33.005582867936866,Manica,Dense vegetation
-18.970632798736624,33.11597795117836,Manica,Cropland irrigated 1
-18.06575977767267,33.15948267044781,Catandica,Cropland irrigated 1
-18.066137604592814,33.15949192149652,Catandica,Cropland irrigated 1
-18.916811332129747,33.13124607355728,Manica,Cropland irrigated 1
-18.915712291057748,33.120233851292305,Manica,Cropland irrigated 1
-18.915309127828525,33.12051645618681,Manica,Cropland irrigated 1
-24.470873275336192,32.931999812066614,Chokwe,Cropland irrigated 1
-24.474100394947808,32.93382731320827,Chokwe,Cropland irrigated 1
-24.47506889317647,32.94065239031793,Chokwe,Cropland irrigated 1
-24.46920329437409,32.94693928648618,Chokwe,Cropland irrigated 1
-24.470259329897424,32.94869830697362,Chokwe,Cropland irrigated 1
-24.46699032952553,32.94453545160883,Chokwe,Cropland irrigated 1
-24.468415864439446,32.94207362300856,Chokwe,Cropland irrigated 1
-24.490823880968218,32.97685893292923,Chokwe,Cropland irrigated 1
-24.488857437364803,32.9602936350457,Chokwe,Cropland irrigated 1
-24.490998219522254,32.98028058219782,Chokwe,Cropland irrigated 1
-24.485510041001604,32.96121682436578,Chokwe,Cropland irrigated 1
-24.489951318700218,32.898774477956756,Chokwe,Cropland irrigated 1
-19.01815051044636,33.14884439541287,Manica,Cropland irrigated 1
-24.575698562278625,33.062771746279886,Chokwe,Cropland irrigated 1
-24.572535172432488,33.069383343370724,Chokwe,Cropland irrigated 1
-18.11911847364045,33.29689292619969,Catandica,Building
-24.53861866575035,32.99363812483472,Chokwe,Building
-24.549760117776533,33.006966601732785,Chokwe,Building
-24.548670207105623,33.00683565877133,Chokwe,Building
-24.587928415962025,33.06172654838309,Chokwe,Building
-24.53446384130898,33.00136418712069,Chokwe,Building
-24.522884746140498,32.9709272806164,Chokwe,Building
-18.070875755596436,33.17153159412168,Catandica,Building
-18.07082543259359,33.17205966087836,Catandica,Building
-18.072284044436866,33.172412394501265,Catandica,Building
-18.07164505858672,33.172015542567145,Catandica,Building
-18.07171635994423,33.174692612142465,Catandica,Building
-18.05588292678251,33.17419784536792,Catandica,Building
-18.054595641612565,33.17082239727082,Catandica,Building
-18.99028217255677,33.0811265619778,Manica,Building
-18.987479928988147,33.083099574289726,Manica,Building
-18.98309757930823,33.07167167021706,Manica,Building
-18.98403096818156,33.07257327802747,Manica,Building
-24.531188348494037,32.99842214143385,Chokwe,Building
-24.529647974698854,32.9959509385814,Chokwe,Building
-24.52312257451348,32.961855026531104,Chokwe,Building
-18.841834682662835,33.278203598539044,Manica,Water
-18.984987737963948,33.05030192086777,Manica,Water
-18.977109236627093,33.05279174721521,Manica,Water
-18.99262459847915,33.051107764795944,Manica,Water
-24.47996009704249,32.99237029379946,Chokwe,Water
-19.033749949500706,33.05391295868612,Manica,Water
-19.04358686599787,33.06864684504498,Manica,Water
-19.025063677591618,33.08104650902599,Manica,Water
-19.007830479582672,33.09318424355912,Manica,Water
-24.406791306793384,32.876336064997176,Chokwe,Water
-24.400740009559957,32.86967876589399,Chokwe,Water
-24.423497453214672,32.85346290262392,Chokwe,Water
-24.416232341459697,32.838444094621146,,Cropland irrigated 2
-24.42012643605194,32.86006319424456,Chokwe,Cropland irrigated 2
-24.40942454147086,32.86464608762955,Chokwe,Cropland irrigated 2
-24.40715502101541,32.86520688772292,Chokwe,Cropland irrigated 2
-24.40451348049974,32.862562718997,Chokwe,Cropland irrigated 2
-24.394824471077534,32.861057006519744,,Cropland irrigated 2
-24.39217866003595,32.85810502251447,,Cropland irrigated 2
-24.417656644163333,32.87693782605315,Chokwe,Cropland irrigated 2
-24.419732809375837,32.86841627871197,Chokwe,Cropland irrigated 2
-24.447602140141626,32.86240971232776,Chokwe,Cropland irrigated 2
-24.4480169803612,32.86972726364006,Chokwe,Cropland irrigated 2
-24.44161565114499,32.86433245350959,Chokwe,Cropland irrigated 2
-24.449030123147352,32.866421518683005,Chokwe,Cropland irrigated 2
-24.45288976726231,32.87475383169025,Chokwe,Cropland irrigated 2
-24.453996423328302,32.8680257473469,Chokwe,Cropland irrigated 2
-24.470217707353644,32.98865791977167,Chokwe,Cropland irrigated 2
-24.469025744433836,32.98769274652063,Chokwe,Cropland irrigated 2
-24.480672893762144,32.997276146827545,Chokwe,Cropland irrigated 2
-24.475339736526614,32.99402755145636,Chokwe,Cropland irrigated 2
-24.51628570965826,33.0474253515346,Chokwe,Cropland irrigated 2
-24.533328445659617,33.02100674435792,Chokwe,Cropland irrigated 2
-24.5352907502816,33.0237544038529,Chokwe,Cropland irrigated 2
-24.52682378425629,33.019144591181366,Chokwe,Cropland irrigated 2
-24.531718011902996,33.01054844707231,Chokwe,Cropland irrigated 2
-24.528498497366837,33.02240193302049,Chokwe,Cropland irrigated 2
-24.53399727890402,33.029087573873966,Chokwe,Cropland irrigated 2
-24.529388991672093,33.036980309169,Chokwe,Cropland irrigated 2
-24.52577831831363,33.033160582362896,Chokwe,Cropland irrigated 2
-24.53150356462538,33.01602307753129,Chokwe,Cropland irrigated 2
-24.547605039047014,33.09348017861069,Chokwe,Cropland irrigated 2
-24.549457179236803,33.09454917578022,Chokwe,Cropland irrigated 2
-24.547815003835613,33.08948008064759,Chokwe,Cropland irrigated 2
-24.54833151380492,33.090853322711,Chokwe,Cropland irrigated 2
-24.551343632629155,33.09570978977629,Chokwe,Cropland irrigated 2
-24.564422928057702,33.100194284004175,Chokwe,Cropland irrigated 2
-24.579290956520587,33.10194829011607,Chokwe,Cropland irrigated 2
-24.576460904291277,33.11629016742855,Chokwe,Cropland irrigated 2
-24.571544922693338,33.06136919385509,Chokwe,Cropland irrigated 2
-24.568885689000503,33.0663837181481,Chokwe,Cropland irrigated 2
-24.57025304435517,33.07585395414726,Chokwe,Cropland irrigated 2
-24.60626284604884,33.09879851982569,Chokwe,Cropland irrigated 2
-24.611035752981657,33.09911623160997,Chokwe,Cropland irrigated 2
-24.613280107861616,33.09156849586438,Chokwe,Cropland irrigated 2
-24.61707985872813,33.07962639061571,Chokwe,Cropland irrigated 2
-24.617833696236605,33.10357227688772,Chokwe,Cropland irrigated 2
-24.61822875060638,33.10904879898894,Chokwe,Cropland irrigated 2
-24.61658779700406,33.11028314985013,Chokwe,Cropland irrigated 2
-24.61723509144212,33.11414944912239,Chokwe,Cropland irrigated 2
-24.66453269290706,33.0536353826167,Chokwe,Cropland irrigated 2
-24.640727310863667,33.04736129363602,Chokwe,Cropland irrigated 2
-24.634775641440648,33.03598990494683,Chokwe,Cropland irrigated 2
-24.634440571988932,33.0459350882902,Chokwe,Cropland irrigated 2
-24.63467778182173,33.03860637599845,Chokwe,Cropland irrigated 2
-24.63135821926456,33.042732485665844,Chokwe,Cropland irrigated 2
-24.632758535591165,33.03574954743371,Chokwe,Cropland irrigated 2
-18.92368730826375,33.13047436976598,Manica,Cropland irrigated 2
-18.923718954228022,33.13359126695183,Manica,Cropland irrigated 2
-18.922344232306095,33.1348864999158,Manica,Cropland irrigated 2
-18.919493030027372,33.13175008993024,Manica,Cropland irrigated 2
-18.920399488485874,33.133126816692716,Manica,Cropland irrigated 2
-18.917251543872126,33.13096254581711,Manica,Cropland irrigated 2
-18.066432782761638,33.15409889262819,Catandica,Cropland irrigated 2
-18.0660503622396,33.15512731435409,Catandica,Cropland irrigated 2
-18.065555966331047,33.156903821392646,Catandica,Cropland irrigated 2
-18.066337523404865,33.16041975355197,Catandica,Cropland irrigated 2
-18.06722387176363,33.15776598984483,Catandica,Cropland irrigated 2
-18.067965151365428,33.16075507179383,Catandica,Cropland irrigated 2
-18.065147296932825,33.160430780801605,Catandica,Cropland irrigated 2
-18.06589495288268,33.16032764593438,Catandica,Cropland irrigated 2
-18.06570223793558,33.15568134269115,Catandica,Cropland irrigated 2
-18.064882434911585,33.15583399345283,Catandica,Cropland irrigated 2
-18.06625160352898,33.15613434231398,Catandica,Cropland irrigated 2
-18.06413063412934,33.16056395649597,Catandica,Cropland irrigated 2
-18.066783008907038,33.158131094843675,Catandica,Cropland irrigated 2
-18.017261808351183,33.24225475023415,Catandica,Cropland irrigated 2
-18.095404260577595,33.18943218133803,Catandica,Cropland irrigated 2
-18.095803392025022,33.18877917649442,Catandica,Cropland irrigated 2
-18.096996503501767,33.188092179134664,Catandica,Cropland irrigated 2
-18.093622957154324,33.29731878468964,Catandica,Cropland irrigated 2
-18.092889977803246,33.29743720452939,Catandica,Cropland irrigated 2
-18.915890047581062,33.1318965185399,Manica,Cropland irrigated 2
-18.91445271994525,33.118223167062204,Manica,Cropland irrigated 2
-18.91579823180171,33.12056688764071,Manica,Cropland irrigated 2
-18.91137881915729,33.11158133424933,Manica,Cropland irrigated 2
-18.931879555125835,33.12242410019412,Manica,Cropland irrigated 2
-18.931461164744384,33.12237426817517,Manica,Cropland irrigated 2
-18.9313262300669,33.12280963789413,Manica,Cropland irrigated 2
-18.93191225649946,33.12541126242748,Manica,Cropland irrigated 2
-18.931782627953915,33.12505362834266,Manica,Cropland irrigated 2
-18.933150961719228,33.12550218494334,Manica,Cropland irrigated 2
-18.933102976981527,33.12431997558928,Manica,Cropland irrigated 2
-18.931649180670863,33.12577963179264,Manica,Cropland irrigated 2
-18.936325698551578,33.12973573446115,Manica,Cropland irrigated 2
-18.93550199468768,33.13028301029834,Manica,Cropland irrigated 2
-18.935619717703783,33.129679385947426,Manica,Cropland irrigated 2
-18.935662414945693,33.12884682119811,Manica,Cropland irrigated 2
-18.94152240913724,33.13053787170796,Manica,Cropland irrigated 2
-18.93951304128435,33.132095002706954,Manica,Cropland irrigated 2
-18.940545185620778,33.131799817518406,Manica,Cropland irrigated 2
-18.941114774850192,33.13168525319721,Manica,Cropland irrigated 2
-19.011837768731873,33.149529398122795,Manica,Cropland irrigated 2
-19.010052110032767,33.15060673833312,Manica,Cropland irrigated 2
-19.007623003035842,33.15076506846212,Manica,Cropland irrigated 2
-24.440681067187768,32.936992665871074,Chokwe,Cropland irrigated 2
-24.438914082062517,32.94103051408893,Chokwe,Cropland irrigated 2
-24.43885208385662,32.94361224453526,Chokwe,Cropland irrigated 2
-24.437912021540228,32.94739686881776,Chokwe,Cropland irrigated 2
-24.43850934603614,32.948229796360074,Chokwe,Cropland irrigated 2
-24.465698359761124,32.94342768958507,Chokwe,Cropland irrigated 2
-24.46706209632043,32.94530157675297,Chokwe,Cropland irrigated 2
-24.465331536192075,32.94664443193606,Chokwe,Cropland irrigated 2
-24.46465157117188,32.94715976777851,Chokwe,Cropland irrigated 2
-24.467244348390146,32.94587964258028,Chokwe,Cropland irrigated 2
-24.466119172558727,32.94071733640807,Chokwe,Cropland irrigated 2
-24.467514300610222,32.94040430685244,Chokwe,Cropland irrigated 2
-24.466777812168317,32.94865143069615,Chokwe,Cropland irrigated 2
-24.467862716305458,32.94760242239348,Chokwe,Cropland irrigated 2
-24.472732330647524,32.93336732314859,Chokwe,Cropland irrigated 2
-24.469705949104846,32.938786591318646,Chokwe,Cropland irrigated 2
-24.46907807342696,32.940811469791385,Chokwe,Cropland irrigated 2
-24.485367957710675,32.95924216557899,Chokwe,Cropland irrigated 2
-24.48609206239293,32.96692199671219,Chokwe,Cropland irrigated 2
-24.48376858201558,32.97301969572203,Chokwe,Cropland irrigated 2
-24.48717309998961,32.978031079668526,Chokwe,Cropland irrigated 2
-24.49400632420044,32.96325074888389,Chokwe,Cropland irrigated 2
-24.49635280006441,32.972831798700966,Chokwe,Cropland irrigated 2
-24.49742783444891,32.95914586397225,Chokwe,Cropland irrigated 2
-24.495253230842295,32.950891939557195,Chokwe,Cropland irrigated 2
-24.494733978179866,32.954611776267555,Chokwe,Cropland irrigated 2
-24.492775555996303,32.898373018070416,Chokwe,Cropland irrigated 2
-24.491721433181322,32.89891685307286,Chokwe,Cropland irrigated 2
-24.49062246800863,32.899612485910986,Chokwe,Cropland irrigated 2
-24.48963989542255,32.90016599322156,Chokwe,Cropland irrigated 2
-24.488785815555193,32.89935113182403,Chokwe,Cropland irrigated 2
-18.104620055971967,33.15407810506887,Catandica,Cropland irrigated 2
-18.19664576338441,33.20361440595126,Catandica,Cropland irrigated 2
-18.209970839477055,33.25381806679089,,Cropland irrigated 2
-18.937262399426977,33.10813711850149,Manica,Cropland irrigated 2
-18.92580326153314,33.10942937943778,Manica,Cropland irrigated 2
-18.93354369694542,33.123179083934275,Manica,Cropland irrigated 2
-18.93234156961287,33.12485385143138,Manica,Cropland irrigated 2
-18.919788418870876,33.132131725714544,Manica,Cropland irrigated 2
-18.918402921534028,33.13317078789623,Manica,Cropland irrigated 2
-18.916338812163307,33.132302800718264,Manica,Cropland irrigated 2
-18.91627600500822,33.120526826164905,Manica,Cropland irrigated 2
-18.963072081063345,33.26097306276479,Manica,Cropland irrigated 2
-18.9572893701565,33.19183582803048,Manica,Cropland irrigated 2
-19.011448777156033,33.150038797574304,Manica,Cropland irrigated 2
-19.012289200459445,33.14952601445441,Manica,Cropland irrigated 2
-24.417254251915576,33.153009371796976,,Cropland irrigated 2
-24.441310240039698,32.93511223729291,Chokwe,Cropland irrigated 2
-24.4370290570641,32.93550649959196,Chokwe,Cropland irrigated 2
-24.488876919217326,32.896678681312736,Chokwe,Cropland irrigated 2
-24.471963856953398,32.93591495002395,Chokwe,Cropland irrigated 2
-24.476000663964776,32.940940392470715,Chokwe,Cropland irrigated 2
-24.482630948468827,32.941232718198286,Chokwe,Cropland irrigated 2
-24.48705942877364,32.94270172949061,Chokwe,Cropland irrigated 2
-24.486298939673894,32.942000461737614,Chokwe,Cropland irrigated 2
-24.543078078634217,33.12435183407841,Chokwe,Cropland irrigated 2
-24.540580599363523,33.12155985303238,Chokwe,Cropland irrigated 2
-24.539892996248586,33.12230875335369,Chokwe,Cropland irrigated 2
-24.53997108270963,33.12076967075664,Chokwe,Cropland irrigated 2
-24.5415132064583,33.12208268384492,Chokwe,Cropland irrigated 2
-24.564960338972025,33.06546794548038,Chokwe,Cropland irrigated 2
-24.565300899304052,33.06376283411348,Chokwe,Cropland irrigated 2
-24.56592714995321,33.06283208044488,Chokwe,Cropland irrigated 2
-24.566201160902654,33.06175693596795,Chokwe,Cropland irrigated 2
-24.566650970080023,33.060597121824905,Chokwe,Cropland irrigated 2
-24.56808975999122,33.06085718805803,Chokwe,Cropland irrigated 2
-24.570617717583723,33.061059608809444,Chokwe,Cropland irrigated 2
-24.57282204917194,33.06190386597278,Chokwe,Cropland irrigated 2
-24.579120979714972,33.06345048511327,Chokwe,Cropland irrigated 2
-24.57968623758962,33.06444263733645,Chokwe,Cropland irrigated 2
-24.581154224662146,33.0622901516121,Chokwe,Cropland irrigated 2
-24.583764932797298,33.0656929407492,Chokwe,Cropland irrigated 2
-24.583615260302054,33.0665816645903,Chokwe,Cropland irrigated 2
-24.583109150563253,33.068748166602504,Chokwe,Cropland irrigated 2
-24.58323931274832,33.06967262174585,Chokwe,Cropland irrigated 2
-24.57704824871386,33.069723935233895,Chokwe,Cropland irrigated 2
-24.57746493851809,33.07174493615926,Chokwe,Cropland irrigated 2
-24.574514564307837,33.07341821577047,Chokwe,Cropland irrigated 2
-24.571121913546058,33.07163095708598,Chokwe,Cropland irrigated 2
-24.56745788725781,33.07094917974903,Chokwe,Cropland irrigated 2
-24.56529309264105,33.07061103169724,Chokwe,Cropland irrigated 2
-24.56418593217987,33.0704065281174,Chokwe,Cropland irrigated 2
-24.603107843561027,33.04482005796132,Chokwe,Cropland irrigated 2
-24.60320709919643,33.0396802770568,Chokwe,Cropland irrigated 2
-24.603398750019384,33.036437300096665,Chokwe,Cropland irrigated 2
-24.605534178732253,33.03823706049622,Chokwe,Cropland irrigated 2
-24.617079798975613,33.03489649047953,Chokwe,Cropland irrigated 2
-24.618002017088,33.040119012771555,Chokwe,Cropland irrigated 2
-24.614097390193194,33.04329875518836,Chokwe,Cropland irrigated 2
-24.60991874513424,33.04445566589491,Chokwe,Cropland irrigated 2
-24.555217190199215,32.82862184193989,Chokwe,Light vegetation
-24.555988796680147,32.820724645372664,Chokwe,Light vegetation
-24.370665142939384,33.041246455566,Chokwe,Light vegetation
-17.960421866477112,33.05853940271004,Catandica,Light vegetation
-17.957246091053616,33.063675209588666,Catandica,Light vegetation
-17.96376405097091,33.242329714642906,Catandica,Light vegetation
-17.95976380488568,33.234095717783774,Catandica,Light vegetation
-17.94927585383267,33.21093350194345,Catandica,Light vegetation
-17.94166131904406,33.195265255610174,Catandica,Light vegetation
-18.058856704283787,33.3272339699007,Catandica,Light vegetation
-18.183803413157168,33.198401632083645,Catandica,Light vegetation
-18.187200359939222,33.2028106947435,Catandica,Light vegetation
-18.18404254564111,33.204876612933234,Catandica,Light vegetation
-18.194146427952692,33.20506525380439,Catandica,Light vegetation
-18.19656233700114,33.19938796199596,Catandica,Light vegetation
-18.191044737930817,33.20559171213418,Catandica,Light vegetation
-18.207235113805652,33.26588491850531,,Light vegetation
-18.211230328205662,33.2654243874491,,Light vegetation
-18.205025194836825,33.26455983613286,,Light vegetation
-18.21185535696191,33.24961602385729,,Light vegetation
-18.20666728455138,33.245862154665765,Catandica,Light vegetation
-18.21531175522732,33.252510005605586,,Light vegetation
-18.198728053680526,33.25852379409877,Catandica,Light vegetation
-18.194844687775323,33.25008326644289,Catandica,Light vegetation
-18.193918414958848,33.19852794305575,Catandica,Light vegetation
-18.83620148502446,33.03867963889455,Manica,Light vegetation
-18.836152187191008,33.0432121582922,Manica,Light vegetation
-18.96327769927469,32.96606563812534,,Light vegetation
-18.963256341056432,32.969984156494185,Manica,Light vegetation
-19.01137991493581,32.99739444318329,,Light vegetation
-19.02115624697402,32.99950782100369,,Light vegetation
-19.021328654091313,33.00410764509776,,Light vegetation
-19.02128095002442,33.007927711790586,,Light vegetation
-19.017702408625404,33.069707786507834,Manica,Light vegetation
-19.01434964481324,33.07571248134472,Manica,Light vegetation
-19.01441478686813,33.071784258215935,Manica,Light vegetation
-19.014275902971097,33.07148331360569,Manica,Light vegetation
-19.0107352168113,33.069789367447896,Manica,Light vegetation
-19.01425386551275,33.08011225220335,Manica,Light vegetation
-18.934381937867485,33.09221061471038,Manica,Light vegetation
-18.931106354300567,33.11165680266222,Manica,Light vegetation
-18.957651514484493,33.18294426802256,Manica,Light vegetation
-19.014779974061998,33.146831229683386,Manica,Light vegetation
-19.018077188011436,33.145086462759785,Manica,Light vegetation
-19.01775977823421,33.15777694020336,Manica,Light vegetation
-24.365198774883886,32.96263017177062,Chokwe,Light vegetation
-24.368201807195277,32.96056233150656,Chokwe,Light vegetation
-24.372559176673036,32.96178524208513,Chokwe,Light vegetation
-24.368496524163834,32.96901566690848,Chokwe,Light vegetation
-24.368148043769857,32.97309321886089,Chokwe,Light vegetation
-24.371997104284183,32.971519368221685,Chokwe,Light vegetation
-24.37185433092428,32.9759033098793,Chokwe,Light vegetation
-24.374965090492005,32.97318071526571,Chokwe,Light vegetation
-24.375655607786474,32.969196265718516,Chokwe,Light vegetation
-24.379635146489914,32.96704264133136,Chokwe,Light vegetation
-24.370280770195873,33.03851981104502,Chokwe,Light vegetation
-24.3725023662465,33.03574076945547,Chokwe,Light vegetation
-24.36622238005459,33.04032635707585,Chokwe,Light vegetation
-24.373588886231715,33.045850326573586,Chokwe,Light vegetation
-24.425713956553224,33.15645534653415,Chokwe,Light vegetation
-24.429225841437745,33.15902728831257,Chokwe,Light vegetation
-24.431872818570717,33.157652362816606,Chokwe,Light vegetation
-24.435665193105233,33.1598750498792,Chokwe,Light vegetation
-24.43842451760059,33.08270861083917,Chokwe,Light vegetation
-24.43493572622814,33.08366031382747,Chokwe,Light vegetation
-24.438261925307867,33.07720866725202,Chokwe,Light vegetation
-24.437796781137745,33.07280543452518,Chokwe,Light vegetation
-24.435455333368026,33.069923787567575,Chokwe,Light vegetation
-24.43194537559429,33.07264533564802,Chokwe,Light vegetation
-24.4279693265623,33.07554972600904,Chokwe,Light vegetation
-24.42470145169131,33.07706837222249,Chokwe,Light vegetation
-24.427081276012824,33.01142124518033,Chokwe,Light vegetation
-24.42990493715879,33.008798718596,Chokwe,Light vegetation
-24.432850854350846,33.010968024225484,Chokwe,Light vegetation
-24.436883925416222,33.00450997263391,Chokwe,Light vegetation
-24.440111247249103,33.00709929988141,Chokwe,Light vegetation
-24.439736829700536,33.00246821847254,Chokwe,Light vegetation
-24.43712020000904,32.99669472617064,Chokwe,Light vegetation
-24.42375734262394,32.92712595667778,Chokwe,Light vegetation
-24.432950035345133,32.92475376030297,Chokwe,Light vegetation
-24.43350952307007,32.92907335141785,Chokwe,Light vegetation
-24.440473793452885,32.92549682793752,Chokwe,Light vegetation
-24.49712668464649,32.8835304796924,Chokwe,Light vegetation
-24.493648647798047,32.88143284245189,Chokwe,Light vegetation
-24.496776868560406,32.887955793343735,Chokwe,Light vegetation
-24.496584842189243,32.891890129374886,Chokwe,Light vegetation
-24.493285788485203,32.89425766873307,Chokwe,Light vegetation
-24.490208190605788,32.891243245051854,Chokwe,Light vegetation
-24.485939858190715,32.88595636454585,Chokwe,Light vegetation
-24.496689306501093,32.89633779664979,Chokwe,Light vegetation
-24.486964457918038,32.89874745231444,Chokwe,Light vegetation
-24.489364016194994,33.057665315921945,Chokwe,Light vegetation
-24.48996558484274,33.05960266242568,Chokwe,Light vegetation
-24.484671521306556,33.05944100938802,Chokwe,Light vegetation
-24.48419749367629,33.06345584977166,Chokwe,Light vegetation
-24.489694184412002,33.068564090646774,Chokwe,Light vegetation
-24.487341131336834,33.07075992576029,Chokwe,Light vegetation
-24.4831849369383,33.07178631774333,Chokwe,Light vegetation
-24.488063638526672,33.07862661366069,Chokwe,Light vegetation
-24.49028258771411,33.07452434484,Chokwe,Light vegetation
-24.49190687249047,33.06858636608065,Chokwe,Light vegetation
-24.492527820132736,33.063351048773505,Chokwe,Light vegetation
-24.495807982402013,33.07511605851542,Chokwe,Light vegetation
-24.497422703936298,33.07382145265803,Chokwe,Light vegetation
-24.492013233436353,33.08357535269852,Chokwe,Light vegetation
-24.498954551707733,33.07898531267648,Chokwe,Light vegetation
-24.50289362214567,33.078175347685324,Chokwe,Light vegetation
-24.543659166050446,33.15014055757029,Chokwe,Light vegetation
-24.544040032678655,33.15374162301564,Chokwe,Light vegetation
-24.545621767350642,33.07808213448427,Chokwe,Light vegetation
-24.556989799565734,33.00064882241093,Chokwe,Light vegetation
-24.556724810362898,32.996507137782785,Chokwe,Light vegetation
-24.542054332190286,32.930832774198436,Chokwe,Light vegetation
-24.543386131206233,32.92629401531181,Chokwe,Light vegetation
-24.546866144250732,32.931658191329156,Chokwe,Light vegetation
-24.547350283371156,32.92016228063663,Chokwe,Light vegetation
-24.549081362764554,32.93111182146179,Chokwe,Light vegetation
-24.553204581700356,32.93344898123995,Chokwe,Light vegetation
-24.55232304423391,32.93561620612398,Chokwe,Light vegetation
-24.55078440432006,32.93417496581331,Chokwe,Light vegetation
-24.55157487104486,32.93158216376558,Chokwe,Light vegetation
-24.553785504924754,32.93004487955977,Chokwe,Light vegetation
-24.556084712170062,32.930035931235224,Chokwe,Light vegetation
-24.55306594773674,32.92412487766965,Chokwe,Light vegetation
-24.543476247027193,32.84722602112154,Chokwe,Light vegetation
-24.66584446459946,32.99964434851347,Chokwe,Light vegetation
-24.66867912464387,32.99790325546108,Chokwe,Light vegetation
-24.671437405604145,33.00906918800933,Chokwe,Light vegetation
-24.672577956121422,33.00353610559832,Chokwe,Light vegetation
-24.674884334283306,33.00649387879837,Chokwe,Light vegetation
-24.675077706763336,33.01067934469589,Chokwe,Light vegetation
-24.66479022122695,32.92847869521608,Chokwe,Light vegetation
-24.664937408209834,32.93245133515243,Chokwe,Light vegetation
-24.66786173056816,32.934632779109634,Chokwe,Light vegetation
-24.667953127754988,32.931261372259634,Chokwe,Light vegetation
-24.668064594668078,32.926205922533946,Chokwe,Light vegetation
-24.670683582281228,32.92476355232556,Chokwe,Light vegetation
-24.67112357728275,32.928320945464854,Chokwe,Light vegetation
-24.671405218958107,32.93253019595413,Chokwe,Light vegetation
-24.674511533937586,32.93040375072304,Chokwe,Light vegetation
-24.67433002805424,32.934811709373406,Chokwe,Light vegetation
-24.67777141278073,32.932577400297745,Chokwe,Light vegetation
-24.67685088388134,33.07252852640016,Chokwe,Light vegetation
-18.08465675156141,33.1896754233842,Catandica,Cropland rainfed
-18.10429081155375,33.187632644141246,Catandica,Cropland rainfed
-18.104727118422304,33.188846107319215,Catandica,Cropland rainfed
-18.18047441346197,33.206676124814976,Catandica,Cropland rainfed
-18.18159219462083,33.20594521495988,Catandica,Cropland rainfed
-18.18383146959591,33.20812694858575,Catandica,Cropland rainfed
-18.18411773338155,33.20187533778121,Catandica,Cropland rainfed
-18.18393751325808,33.200823576738784,Catandica,Cropland rainfed
-18.183856423701577,33.19689787861741,Catandica,Cropland rainfed
-18.186975899149907,33.19909231264281,Catandica,Cropland rainfed
-18.186571026921534,33.20495194049307,Catandica,Cropland rainfed
-18.18700033468356,33.20683682071835,Catandica,Cropland rainfed
-18.184720478397892,33.2087848322276,Catandica,Cropland rainfed
-18.185987907462515,33.209461901595326,Catandica,Cropland rainfed
-18.187376512150315,33.21145669591611,Catandica,Cropland rainfed
-18.18973429543236,33.204562168046174,Catandica,Cropland rainfed
-18.190362964486024,33.20954803970004,Catandica,Cropland rainfed
-18.19248773290228,33.20349037356742,Catandica,Cropland rainfed
-18.192435774254477,33.20178347207584,Catandica,Cropland rainfed
-18.19165845325175,33.1984586900882,Catandica,Cropland rainfed
-18.1961506817082,33.20539897798166,Catandica,Cropland rainfed
-18.196908227633934,33.20498055924868,Catandica,Cropland rainfed
-18.198590273884165,33.2446147461408,Catandica,Cropland rainfed
-18.20073880488615,33.24467889523851,Catandica,Cropland rainfed
-18.1993124280324,33.25337553045649,Catandica,Cropland rainfed
-18.194916884173153,33.2619909405184,Catandica,Cropland rainfed
-18.203714127472352,33.2567925783852,Catandica,Cropland rainfed
-18.202319870562963,33.269180442125275,,Cropland rainfed
-18.208292092528215,33.260370485086455,,Cropland rainfed
-18.20907868535036,33.25149979613375,Catandica,Cropland rainfed
-18.205739979485507,33.248726268679896,Catandica,Cropland rainfed
-18.215144457149744,33.260061963179155,,Cropland rainfed
-18.21481524615038,33.26202365047166,,Cropland rainfed
-18.213922612843056,33.25911302478341,,Cropland rainfed
-18.1967842331879,33.25386503957375,Catandica,Cropland rainfed
-18.193638922687118,33.25561487428839,Catandica,Cropland rainfed
-18.191648003821353,33.25885418375043,Catandica,Cropland rainfed
-18.19068161623858,33.19633341272252,Catandica,Cropland rainfed
-18.832073526817375,33.03321937332131,Manica,Cropland rainfed
-18.8314096855468,33.033491559375285,Manica,Cropland rainfed
-18.833279905689437,33.035849020818844,Manica,Cropland rainfed
-18.832971434170258,33.03630339006362,Manica,Cropland rainfed
-18.83895650536056,33.0455879111985,Manica,Cropland rainfed
-18.839305171397285,33.045144183183275,Manica,Cropland rainfed
-18.952923761528286,32.963896310998635,Manica,Cropland rainfed
-18.962730220064476,32.9746422014194,Manica,Cropland rainfed
-18.960408305086716,32.9758204489381,Manica,Cropland rainfed
-19.013478030594406,32.997859268671064,,Cropland rainfed
-19.01726362455682,32.996453802984846,,Cropland rainfed
-19.020761862817256,33.0024216683057,,Cropland rainfed
-19.021272369776227,33.00083473357297,,Cropland rainfed
-19.020958855602125,33.00076132744027,,Cropland rainfed
-19.022027118670593,33.011442911499906,Manica,Cropland rainfed
-18.942543699578543,33.107839631888396,Manica,Cropland rainfed
-18.94073761459622,33.09792912720938,Manica,Cropland rainfed
-18.939806454537777,33.10092039765439,Manica,Cropland rainfed
-18.941024276365333,33.09494691331177,Manica,Cropland rainfed
-18.939527202333398,33.09657677651985,Manica,Cropland rainfed
-18.941753971096844,33.091004476870985,Manica,Cropland rainfed
-18.941291695170456,33.09340051117492,Manica,Cropland rainfed
-18.93535638475306,33.09899191841794,Manica,Cropland rainfed
-18.93248950305857,33.10242366706613,Manica,Cropland rainfed
-18.92716076633823,33.101747867584386,Manica,Cropland rainfed
-18.92254104402647,33.10417031892031,Manica,Cropland rainfed
-18.93382901873527,33.12607524687411,Manica,Cropland rainfed
-18.933996173149097,33.12374127239248,Manica,Cropland rainfed
-18.91689033104202,33.119984930220255,Manica,Cropland rainfed
-18.94995817802515,33.19094162146822,Manica,Cropland rainfed
-18.953551493465767,33.1855192129967,Manica,Cropland rainfed
-18.959199404935017,33.18336674673643,Manica,Cropland rainfed
-19.013717866928026,33.14850535389222,Manica,Cropland rainfed
-19.01506158295897,33.14285329030163,Manica,Cropland rainfed
-19.018376168003485,33.15336756949403,Manica,Cropland rainfed
-19.014566709697934,33.154580992268194,Manica,Cropland rainfed
-19.017880014314052,33.086638621029095,Manica,Cropland rainfed
-24.37291378536933,32.9574473298127,Chokwe,Cropland rainfed
-24.373969763239057,33.04864728315602,Chokwe,Cropland rainfed
-24.37663304943391,33.04255853849058,Chokwe,Cropland rainfed
-24.432749422904603,33.161723272105476,Chokwe,Cropland rainfed
-24.431493965109084,33.0806831170061,Chokwe,Cropland rainfed
-24.426538392797514,33.00687000459582,Chokwe,Cropland rainfed
-24.426151469691064,33.002703968201786,Chokwe,Cropland rainfed
-24.426539935312725,32.92497568542941,Chokwe,Cropland rainfed
-24.429766082345633,32.93106316163367,Chokwe,Cropland rainfed
-24.428684154149103,32.92317638134001,Chokwe,Cropland rainfed
-24.43623298474193,32.927198914955156,Chokwe,Cropland rainfed
-24.436614595888557,32.92254224663446,Chokwe,Cropland rainfed
-24.432965378182416,32.85325317912894,Chokwe,Cropland rainfed
-24.47193224180185,32.94265585075273,Chokwe,Cropland rainfed
-24.48938991294972,33.03128634099902,Chokwe,Cropland rainfed
-24.489960177176805,33.035067629753016,Chokwe,Cropland rainfed
-24.48659357544494,33.03362460821578,Chokwe,Cropland rainfed
-24.486796386530617,33.03755344075507,Chokwe,Cropland rainfed
-24.489430827980698,33.03982364334269,Chokwe,Cropland rainfed
-24.486112876623046,33.04168997375487,Chokwe,Cropland rainfed
-24.482676337488645,33.04014238356043,Chokwe,Cropland rainfed
-24.483246720322754,33.04396547096479,Chokwe,Cropland rainfed
-24.48662554435659,33.04567604719747,Chokwe,Cropland rainfed
-24.493064702385833,33.04541395298143,Chokwe,Cropland rainfed
-24.49383414315286,33.04296550001023,Chokwe,Cropland rainfed
-24.500261384169292,33.07007018896225,Chokwe,Cropland rainfed
-24.503401081385924,33.07292256769924,Chokwe,Cropland rainfed
-24.504318635447078,33.06582356831014,Chokwe,Cropland rainfed
-24.50298839194748,33.06432866042571,Chokwe,Cropland rainfed
-24.501583096186017,33.0592353201098,Chokwe,Cropland rainfed
-24.50063757475974,33.062799808735484,Chokwe,Cropland rainfed
-24.499539715206886,33.06227339945468,Chokwe,Cropland rainfed
-24.486842633914925,33.12106821266314,Chokwe,Cropland rainfed
-24.547211327551544,33.15242102577042,Chokwe,Cropland rainfed
-24.55033280248337,33.14862437786836,Chokwe,Cropland rainfed
-24.55162963534624,33.14586230456871,Chokwe,Cropland rainfed
-24.544290890875313,32.922076816860724,Chokwe,Cropland rainfed
-24.558412000895064,32.9282647152544,Chokwe,Cropland rainfed
-24.603568858319857,32.95985299108213,Chokwe,Cropland rainfed
-24.603621634305583,32.963529775222,Chokwe,Cropland rainfed
-24.60357239727771,32.97011112781756,Chokwe,Cropland rainfed
-24.607163988398945,33.033091663128026,Chokwe,Cropland rainfed
-24.61144681399082,33.03193862735741,Chokwe,Cropland rainfed
-24.6131187656326,33.033303873689185,Chokwe,Cropland rainfed
-24.67563998222811,33.001933671331024,Chokwe,Cropland rainfed
-24.675753751925917,32.99751380778414,Chokwe,Cropland rainfed
-25.13440875382606,33.6847176396699,Xai-Xai,Dense vegetation
-25.130673282675986,33.68238967399235,Xai-Xai,Light vegetation
-25.131574697248,33.68711393825187,Xai-Xai,Light vegetation
-25.12785584429512,33.68018767869261,Xai-Xai,Light vegetation
-25.128223860492465,33.683877337965626,Xai-Xai,Light vegetation
-25.127684935414607,33.68878130326965,Xai-Xai,Light vegetation
-25.124772722843677,33.68327087673261,Xai-Xai,Light vegetation
-25.124177597771002,33.68619028603243,Xai-Xai,Light vegetation
-25.12097317984217,33.684465013056155,Xai-Xai,Cropland rainfed
-25.12447355315821,33.69017360246523,Xai-Xai,Cropland rainfed
-25.12459481886766,33.69506941434196,Xai-Xai,Cropland rainfed
-25.12113224548481,33.693067414587006,Xai-Xai,Cropland rainfed
-25.120934842347665,33.68889791476263,Xai-Xai,Cropland rainfed
-25.13726701951377,33.611735360256866,Xai-Xai,Cropland irrigated 2
-25.137223557986335,33.61637461830252,Xai-Xai,Dense vegetation
-25.134235449569054,33.614410992045805,Xai-Xai,Grassland
-25.12979976756307,33.61674998473019,Xai-Xai,Grassland
-25.12804791391063,33.62345439952631,Xai-Xai,Dense vegetation
-25.12695236679735,33.618746219010156,Xai-Xai,Grassland
-25.12370902557931,33.6199645992875,Xai-Xai,Grassland
-25.124170452646037,33.616932479888355,Xai-Xai,Grassland
-25.120397072423096,33.61366430453968,Xai-Xai,Grassland
-25.123531949840697,33.612318558448614,Xai-Xai,Grassland
-25.123238788528262,33.607476349367694,Xai-Xai,Grassland
-25.126988320405818,33.60606186975673,Xai-Xai,Grassland
-25.12747490596735,33.60984056563672,Xai-Xai,Grassland
-25.1271082690288,33.614324750180735,Xai-Xai,Grassland
-25.13002683254116,33.60752748712777,Xai-Xai,Grassland
-25.070459618322307,33.72189365605094,Xai-Xai,Cropland irrigated 2
-25.069724848204565,33.72156975376535,Xai-Xai,Cropland rainfed
-25.069683250516896,33.72596117546931,Xai-Xai,Light vegetation
-25.068147706866604,33.73143990168432,Xai-Xai,Cropland irrigated 2
-25.06267332041268,33.734750008331645,Xai-Xai,Cropland rainfed
-25.06253109468454,33.67627079769038,Xai-Xai,Building
-25.06197927169064,33.67745521703865,Xai-Xai,Building
-25.05800825133639,33.67207277020268,Xai-Xai,Building
-25.051002758976452,33.64600385007631,Xai-Xai,Building
-25.043957709537725,33.64765864559952,Xai-Xai,Building
-25.04150300759792,33.621447884231145,Xai-Xai,Cropland irrigated 2
-25.036063848623936,33.635866990790895,Xai-Xai,Building
-25.04020702885772,33.64826766730476,Xai-Xai,Water
-25.074776197812053,33.575687420303446,Xai-Xai,Water
-25.111742476722842,33.537652205631716,Xai-Xai,Water
-24.938530249791878,33.649504680831434,Xai-Xai,Water
-25.037715545845252,33.667584096610746,Xai-Xai,Cropland irrigated 2
-25.038705209522867,33.66791161260171,Xai-Xai,Cropland irrigated 2
-24.824402227066987,33.729359913181156,Xai-Xai,Dense vegetation
-24.825162515259947,33.7248798685484,Xai-Xai,Light vegetation
-24.824937065762587,33.72052464237686,Xai-Xai,Light vegetation
-24.828294033161555,33.718749026829975,Xai-Xai,Dense vegetation
-24.828346334564962,33.72280216953755,Xai-Xai,Dense vegetation
-24.828934828689142,33.72743731085166,Xai-Xai,Cropland rainfed
-24.82814943035152,33.7312819599237,Xai-Xai,Light vegetation
-24.831438563831057,33.73333834601973,Xai-Xai,Dense vegetation
-24.831631512079333,33.729201592045946,Xai-Xai,Light vegetation
-24.83148470758978,33.724499634454894,Xai-Xai,Light vegetation
-24.832009873207515,33.71637446095443,Xai-Xai,Dense vegetation
-24.835065775556675,33.719470390373175,Xai-Xai,Light vegetation
-24.834789579894945,33.722666618602545,Xai-Xai,Cropland rainfed
-24.838636223410145,33.72121154724022,Xai-Xai,Dense vegetation
-24.838489031643178,33.72521167109439,Xai-Xai,Light vegetation
-24.838632992892936,33.727726163344144,Xai-Xai,Dense vegetation
-25.077729474100458,33.655535784194534,Xai-Xai,Grassland
-25.073660493029834,33.64836112813803,Xai-Xai,Grassland
-25.073604026140703,33.644521253531735,Xai-Xai,Cropland irrigated 2
-25.07056043920382,33.64694891492781,Xai-Xai,Grassland
-25.06979838381521,33.64239654968612,Xai-Xai,Grassland
-25.06706604171187,33.644364650030155,Xai-Xai,Cropland irrigated 2
-25.066917604564622,33.648591156774565,Xai-Xai,Grassland
-25.063907316383613,33.646577334608416,Xai-Xai,Cropland irrigated 2
-25.056205359649354,33.63670023934676,Xai-Xai,Cropland irrigated 2
-25.05603203394794,33.6389968101294,Xai-Xai,Cropland irrigated 2
-25.05522612205573,33.64029137454953,Xai-Xai,Cropland irrigated 2
-25.054909416011494,33.64111655376427,Xai-Xai,Cropland irrigated 2
-25.05379339282638,33.643188812393205,Xai-Xai,Cropland irrigated 2
-25.052837539374586,33.64438840125825,Xai-Xai,Cropland irrigated 2
-25.032268621025732,33.631142860452464,Xai-Xai,Cropland irrigated 2
-25.046715225520884,33.66404873522276,Xai-Xai,Cropland irrigated 2
-25.04572806782411,33.663655140676006,Xai-Xai,Cropland irrigated 2
-25.04261513518211,33.662343441025676,Xai-Xai,Cropland irrigated 2
-25.042599672037387,33.66376506125062,Xai-Xai,Cropland irrigated 2
-25.042507565091945,33.664521669603374,Xai-Xai,Cropland irrigated 2
-25.042197162229044,33.66565968398652,Xai-Xai,Cropland irrigated 2
-25.04187914161646,33.666761161427495,Xai-Xai,Cropland irrigated 2
-25.04125418969531,33.66861817469334,Xai-Xai,Cropland irrigated 2
-25.03874678117521,33.66552523192771,Xai-Xai,Cropland irrigated 2
-25.04591758917055,33.667576091699466,Xai-Xai,Cropland irrigated 2
-25.04690390487287,33.6679439840727,Xai-Xai,Cropland irrigated 2
-25.047548133472898,33.66922517982429,Xai-Xai,Cropland irrigated 2
-25.04707622363441,33.67087007094333,Xai-Xai,Cropland irrigated 2
-25.045924301871203,33.66832473491512,Xai-Xai,Cropland irrigated 1
-25.04546529943118,33.66815188128114,Xai-Xai,Cropland irrigated 1
-25.04535788798182,33.670191864617706,Xai-Xai,Cropland irrigated 1
-25.04385980635548,33.669024103884766,Xai-Xai,Cropland irrigated 2
-25.043853946557494,33.67006938972233,Xai-Xai,Cropland irrigated 2
-25.044005857191202,33.67129154248387,Xai-Xai,Cropland irrigated 2
-25.043688226897793,33.67226270019615,Xai-Xai,Cropland irrigated 1
-25.042870433608556,33.67191366358433,Xai-Xai,Cropland irrigated 2
-25.04294619336512,33.67307794892112,Xai-Xai,Cropland irrigated 1
-25.045117273546612,33.67393311462354,Xai-Xai,Cropland irrigated 2
-25.04493499122033,33.67443445691278,Xai-Xai,Cropland irrigated 1
-25.04278716501327,33.67521628494065,Xai-Xai,Cropland irrigated 2
-25.041979097916126,33.67461747338442,Xai-Xai,Cropland irrigated 2
-25.030296098345143,33.69568279057309,Xai-Xai,Cropland irrigated 1
-25.0307279379714,33.69661242273517,Xai-Xai,Cropland irrigated 2
-25.029990583890488,33.69956993731081,Xai-Xai,Cropland irrigated 1
-25.029165306970913,33.69978701197452,Xai-Xai,Cropland irrigated 2
-25.02893783167904,33.70054935041654,Xai-Xai,Cropland irrigated 1
-25.02920373599613,33.701948116515325,Xai-Xai,Cropland irrigated 1
-25.02841959925769,33.70223622730671,Xai-Xai,Cropland irrigated 1
-25.027947809423228,33.70367450785992,Xai-Xai,Cropland irrigated 2
-25.028230521156686,33.70431430946902,Xai-Xai,Cropland irrigated 2
-25.02811180092984,33.704775033602786,Xai-Xai,Cropland irrigated 2
-25.027091674958463,33.70480859441358,Xai-Xai,Plantation
-25.017660101758672,33.721084520397866,Xai-Xai,Cropland irrigated 2
-25.0164819136533,33.72220499018809,Xai-Xai,Cropland irrigated 1
-25.015559201931474,33.72325471285387,Xai-Xai,Cropland irrigated 2
-25.015309561173726,33.72376393302621,Xai-Xai,Cropland irrigated 2
-25.013152993548402,33.72131943638509,Xai-Xai,Cropland irrigated 1
-25.013319477788514,33.7218794954518,Xai-Xai,Cropland irrigated 2
-25.01301841312382,33.72220935861201,Xai-Xai,Cropland irrigated 1
-25.01381240008814,33.722162190184235,Xai-Xai,Cropland irrigated 1
-25.014719896847257,33.72501197421565,Xai-Xai,Cropland irrigated 1
-25.013911402280137,33.72759976518644,Xai-Xai,Cropland irrigated 2
-25.012724730380057,33.72833343142988,Xai-Xai,Cropland irrigated 2
-25.01191163046386,33.72776523124358,Xai-Xai,Cropland irrigated 2
-25.01115148787175,33.72875041736565,Xai-Xai,Cropland irrigated 1
-25.01189477733804,33.72588290838009,Xai-Xai,Cropland irrigated 2
-25.009953322202943,33.727118171838505,Xai-Xai,Cropland irrigated 2
-25.008667130298477,33.7270775477341,Xai-Xai,Cropland irrigated 2
-25.008408802449853,33.72584811128434,Xai-Xai,Grassland
-25.008008959174433,33.72636189503601,Xai-Xai,Cropland irrigated 1
-25.00746979066157,33.72745468570119,Xai-Xai,Cropland irrigated 2
-25.00738029147038,33.728208253139464,Xai-Xai,Cropland irrigated 2
-25.04666476773958,33.71159434341004,Xai-Xai,Cropland irrigated 2
-25.04801382276174,33.713282175070105,Xai-Xai,Cropland irrigated 2
-25.04927241193235,33.71263501277683,Xai-Xai,Cropland irrigated 2
-25.050033114910722,33.71288714345281,Xai-Xai,Cropland irrigated 2
-25.013112356836757,33.75574933109632,Xai-Xai,Light vegetation
-25.012488439106882,33.759472691161704,Xai-Xai,Light vegetation
-25.016058489385408,33.76158594152173,Xai-Xai,Cropland rainfed
-25.01586482844959,33.76593709565802,Xai-Xai,Cropland rainfed
-25.01626979052246,33.77047229558984,Xai-Xai,Cropland rainfed
-25.01284984439581,33.772518260876865,Xai-Xai,Light vegetation
-25.012825057491536,33.7680924375225,Xai-Xai,Cropland rainfed
-25.01278933459591,33.76390657404749,Xai-Xai,Cropland rainfed
-25.009264253719344,33.75746886167751,Xai-Xai,Cropland rainfed
-25.009413782905312,33.76197408982994,Xai-Xai,Cropland rainfed
-25.009758903148434,33.765667553256755,Xai-Xai,Cropland rainfed
-25.009306682130045,33.77005904170006,Xai-Xai,Cropland rainfed
-25.009053876786716,33.7733106288911,Xai-Xai,Cropland irrigated 2
-25.009579266068833,33.77639675914098,Xai-Xai,Cropland irrigated 2
-25.00941247387156,33.77610087739005,Xai-Xai,Cropland irrigated 2
-25.00890540267825,33.77620978167853,Xai-Xai,Cropland irrigated 2
-25.00873795085299,33.77572560078359,Xai-Xai,Cropland irrigated 2
-25.00902444523415,33.77522511446459,Xai-Xai,Cropland irrigated 2
-25.00831471293476,33.77533010641792,Xai-Xai,Cropland irrigated 2
-25.008844404356303,33.774552868575796,Xai-Xai,Cropland irrigated 2
-25.00879416733676,33.77390275315474,Xai-Xai,Cropland irrigated 2
-25.00833932063603,33.772349132936974,Xai-Xai,Cropland irrigated 2
-25.008200795197432,33.77233698740256,Xai-Xai,Cropland irrigated 2
-25.007606000644866,33.772929678647955,Xai-Xai,Cropland irrigated 2
-25.006628748634046,33.7732440146929,Xai-Xai,Cropland irrigated 2
-25.00611621938546,33.77173917274616,Xai-Xai,Grassland
-25.006087506205713,33.77229224325795,Xai-Xai,Grassland
-25.005810627751735,33.77000970706959,Xai-Xai,Cropland irrigated 2
-25.005672980304002,33.76943918932397,Xai-Xai,Cropland irrigated 2
-25.006175661964868,33.76845895142512,Xai-Xai,Grassland
-25.004867329700897,33.76827954286423,Xai-Xai,Cropland irrigated 2
-25.00436607663687,33.76928174770056,Xai-Xai,Cropland irrigated 2
-25.002998603457005,33.76594223006595,Xai-Xai,Dense vegetation
-25.004444619648215,33.764038191180205,Xai-Xai,Cropland irrigated 2
-25.00388207633668,33.76335892145067,Xai-Xai,Cropland irrigated 2
-25.003728747963834,33.762722478549456,Xai-Xai,Cropland irrigated 2
-25.00644070276041,33.76362960256307,Xai-Xai,Grassland
-25.00578233507334,33.755347657688795,Xai-Xai,Light vegetation
-25.00243667637001,33.76124994534585,Xai-Xai,Cropland irrigated 2
-25.002326543399086,33.76033174842282,Xai-Xai,Cropland irrigated 2
-25.002517125111044,33.759863071743304,Xai-Xai,Plantation
-25.003053625806817,33.758637365345805,Xai-Xai,Cropland irrigated 2
-25.002783915770003,33.752249916158725,Xai-Xai,Cropland irrigated 2
-25.001881859148266,33.751758358691845,Xai-Xai,Cropland irrigated 2
-25.00150893719168,33.75198442824313,Xai-Xai,Cropland irrigated 2
-25.001785502133917,33.750705752697264,Xai-Xai,Cropland irrigated 2
-25.002105448123306,33.74858740696614,Xai-Xai,Cropland irrigated 2
-25.00060147288791,33.74844643574485,Xai-Xai,Cropland irrigated 2
-24.999786331456967,33.7472966535893,Xai-Xai,Cropland irrigated 2
-24.998938191261708,33.74852726559974,Xai-Xai,Cropland irrigated 2
-24.999913745310813,33.74957629035621,Xai-Xai,Cropland irrigated 2
-25.000311664231884,33.752816739055724,Xai-Xai,Cropland irrigated 2
-24.99894137718858,33.75391544205506,Xai-Xai,Cropland irrigated 2
-24.997787711707726,33.75345020529749,Xai-Xai,Cropland irrigated 2
-24.989108409731983,33.72963405894185,Xai-Xai,Cropland irrigated 2
-24.988375633292755,33.73027776556042,Xai-Xai,Cropland irrigated 2
-24.98788527662116,33.730147944173005,Xai-Xai,Cropland irrigated 2
-24.98775466522028,33.72882464449034,Xai-Xai,Cropland irrigated 2
-24.988080379705,33.728028064726196,Xai-Xai,Cropland irrigated 2
-24.988059025643544,33.72728446968729,Xai-Xai,Cropland irrigated 2
-24.98667595499883,33.725680444921245,Xai-Xai,Cropland irrigated 2
-24.98596925796552,33.72586889518265,Xai-Xai,Cropland irrigated 2
-24.98529804687217,33.724967627221645,Xai-Xai,Cropland irrigated 2
-24.964801901684638,33.71604421202755,Xai-Xai,Cropland irrigated 2
-24.958953303180596,33.7272209218058,Xai-Xai,Cropland irrigated 2
-24.95854928235021,33.72854441997415,Xai-Xai,Cropland irrigated 2
-24.95870909065313,33.729209536667405,Xai-Xai,Cropland irrigated 2
-24.955324559037773,33.72561675132293,Xai-Xai,Cropland irrigated 2
-24.955407171909805,33.72632792981404,Xai-Xai,Cropland irrigated 2
-24.955571143233936,33.724682518184174,Xai-Xai,Cropland irrigated 2
-24.95589500963382,33.72155532840594,Xai-Xai,Cropland irrigated 2
-24.954918389190873,33.72034249904861,Xai-Xai,Cropland irrigated 2
-24.95232941598417,33.72293648900264,Xai-Xai,Cropland irrigated 2
-24.952858225350337,33.72779591916611,Xai-Xai,Cropland irrigated 2
-24.95343041288969,33.73191446338644,Xai-Xai,Cropland irrigated 2
-25.0197066073565,33.64186707901182,Xai-Xai,Cropland irrigated 2
-25.02053465388067,33.640895468153474,Xai-Xai,Cropland irrigated 2
-25.022483766505715,33.63954104817263,Xai-Xai,Cropland irrigated 2
-25.024119026846545,33.643644294887224,Xai-Xai,Cropland irrigated 2
-25.0240039744834,33.63906312325831,Xai-Xai,Cropland irrigated 2
-25.037941893113526,33.66134990742573,Xai-Xai,Water
-25.01449498775346,33.607847216678394,Xai-Xai,Cropland irrigated 1
-25.010239974898134,33.617874318007296,Xai-Xai,Light vegetation
-25.00774325217801,33.612053516755125,Xai-Xai,Light vegetation
-25.0036370260242,33.61735452811384,Xai-Xai,Light vegetation
-25.004137959850905,33.614344267427946,Xai-Xai,Light vegetation
-25.00392406595115,33.60916406493502,Xai-Xai,Light vegetation
-25.020111395629453,33.593774561189186,Xai-Xai,Cropland irrigated 1
-25.020616824620486,33.59218186734514,Xai-Xai,Cropland irrigated 1
-25.016513501864868,33.587664508954205,Xai-Xai,Grassland
-25.01576380892337,33.58618967064913,Xai-Xai,Grassland
-25.020073278518947,33.58536694421396,Xai-Xai,Grassland
-25.02339983031817,33.58270951681002,Xai-Xai,Grassland
-25.023275002385603,33.5760697847779,Xai-Xai,Grassland
-25.024212820614324,33.57328181928778,Xai-Xai,Grassland
-25.026246512437744,33.57236090052392,Xai-Xai,Grassland
-25.0283213699801,33.56958675725332,Xai-Xai,Grassland
-25.03350144650874,33.57920704192452,Xai-Xai,Cropland irrigated 2
-25.0360557412328,33.58150699487436,Xai-Xai,Grassland
-25.028367229821598,33.583045753073485,Xai-Xai,Grassland
-25.028978633598193,33.58548391636513,Xai-Xai,Grassland
-25.027264631168773,33.58667169899076,Xai-Xai,Grassland
-25.02623707651917,33.58638758330509,Xai-Xai,Grassland
-25.028580609573893,33.58953971886811,Xai-Xai,Grassland
-25.031516768171766,33.589328959576754,Xai-Xai,Grassland
-25.031012353350437,33.59320094483372,Xai-Xai,Grassland
-25.027516014926302,33.59238039674491,Xai-Xai,Grassland
-25.027365213001772,33.59466865549513,Xai-Xai,Grassland
-25.035044843988775,33.59617605464912,Xai-Xai,Grassland
-25.014928511481994,33.54432908809629,Xai-Xai,Grassland
-25.015588156994866,33.53695910862226,Xai-Xai,Grassland
-25.01470658652565,33.53252830296357,Xai-Xai,Cropland irrigated 1
-25.011615810593625,33.5387430172088,Xai-Xai,Cropland irrigated 1
-25.011644188886326,33.543192724621356,Xai-Xai,Cropland irrigated 1
-25.008566121435845,33.53634647639304,Xai-Xai,Cropland irrigated 1
-25.00705371172759,33.53307866648226,Xai-Xai,Cropland irrigated 1
-25.007010430884687,33.536238108169904,Xai-Xai,Cropland irrigated 1
-25.00606675758494,33.53649273338341,Xai-Xai,Cropland irrigated 2
-25.004962540201188,33.53435687331411,Xai-Xai,Cropland irrigated 1
-25.004818633795196,33.53875176848544,Xai-Xai,Cropland irrigated 1
-25.003270005138166,33.54083504835387,Xai-Xai,Cropland irrigated 1
-25.00464293980004,33.542849617652436,Xai-Xai,Cropland irrigated 1
-25.00385012603747,33.54387884500417,Xai-Xai,Cropland irrigated 2
-25.00237190213284,33.54409364983128,Xai-Xai,Cropland irrigated 2
-25.001468614432493,33.54068663001012,Xai-Xai,Cropland irrigated 1
-24.997027978499517,33.55423580948755,Xai-Xai,Cropland irrigated 2
-24.965379718133455,33.553956261053386,Xai-Xai,Building
-24.955051413248707,33.500680479992134,Xai-Xai,Cropland rainfed
-24.954970013801596,33.49658857280257,Xai-Xai,Light vegetation
-24.9483021454388,33.50486463781172,Xai-Xai,Light vegetation
-24.944517717187775,33.49817324363745,Xai-Xai,Light vegetation
-24.944477137772996,33.49420573390688,Xai-Xai,Light vegetation
-24.986754071824393,33.63035870074798,Xai-Xai,Water
-24.499005113668574,33.10725887561514,Chokwe,Plantation
-24.502384008507757,33.11508975551814,Chokwe,Plantation
-18.116990322350176,33.299939786652374,Catandica,Cropland irrigated 2
-18.93195639466058,33.12398200730955,Manica,Cropland irrigated 2
-18.91666457156558,33.13067900335913,Manica,Cropland irrigated 2
-18.91758309135415,33.13315901848799,Manica,Cropland irrigated 2
-18.91887027509145,33.133491752874804,Manica,Cropland irrigated 2
-18.919384256220816,33.13137306651499,Manica,Cropland irrigated 2
-18.118122564840515,33.2993886191525,Catandica,Cropland irrigated 2
-18.115734959384174,33.300035997278215,Catandica,Cropland irrigated 2
-18.121284470379724,33.29865436193603,Catandica,Cropland irrigated 2
-25.027156006591667,33.661140256631725,Xai-Xai,Water
-24.67187526319414,32.9952784392849,Chokwe,Light vegetation
-24.661196703445167,33.00704973209658,Chokwe,Cropland rainfed
-24.636341629598753,33.046661065398965,Chokwe,Cropland irrigated 2
-24.539980926332913,33.00565013477736,Chokwe,Building
-24.570040902931893,33.07582165609398,Chokwe,Cropland irrigated 2
-24.571171564215764,33.06127931016756,Chokwe,Cropland irrigated 2
-24.577266334723568,33.10472901585118,Chokwe,Cropland irrigated 2
-24.490634418760877,33.1176990034471,Chokwe,Cropland rainfed
-24.485839816401022,32.96819664607794,Chokwe,Cropland irrigated 2
-24.422733355020036,32.87086132165668,Chokwe,Cropland irrigated 1
-18.053143108697896,33.17073561866846,Catandica,Building
-18.05578847012221,33.17533562813664,Catandica,Building
-25.078498003018527,33.59402064575671,Xai-Xai,Grassland
-25.096978571855377,33.57296163866214,Xai-Xai,Grassland
-24.60542136756228,32.81675040184034,,Light vegetation
-18.938911638517126,33.144118010682156,Manica,Dense vegetation
-18.872614941445,33.16381052219874,Manica,Dense vegetation
-18.890338581991895,33.15839942190178,Manica,Dense vegetation
-24.676739577814462,32.83043931242868,,Dense vegetation
-25.09245888805929,33.58264846969283,Xai-Xai,Grassland
-24.91363920428004,33.68136600914758,Xai-Xai,Grassland
-25.073702185712698,33.60272370919697,Xai-Xai,Grassland
-25.0844589707597,33.593582439167825,Xai-Xai,Grassland
-24.932589016279596,33.690918776867804,Xai-Xai,Grassland
-24.818440967691384,33.54291492374389,Xai-Xai,Grassland
-24.827040039610235,33.536093372049365,Xai-Xai,Grassland
-25.13890746916847,33.687668713817395,Xai-Xai,Ocean
-25.132726775007804,33.70317712469437,Xai-Xai,Ocean
-25.124938424365332,33.72142286305466,Xai-Xai,Ocean
-25.120650513290855,33.733786963528885,Xai-Xai,Ocean
-25.11400062185303,33.75539482386725,,Ocean
-25.13253105511092,33.71612373159441,,Ocean
-25.030979988630477,33.63303849521988,,Building
-25.019377654188432,33.79631872308115,,Building
-24.981863502904726,33.55063393253808,,Building
-18.9527035318482,33.26608199206938,,Building
-18.95475318608522,33.26612476045165,,Building
-18.945723161377135,33.2669388633122,,Building
-19.05826686245387,33.288460264043316,,Building
-18.946195197699776,33.265238814687905,Manica,Building
-19.000071401147046,33.08417148377044,Manica,Building
-18.851157735881483,33.275821498168504,Manica,Building
-25.030979988630477,33.63303849521988,Xai-Xai,Building
-25.019377654188432,33.79631872308115,Xai-Xai,Building
-24.981863502904726,33.55063393253808,Xai-Xai,Building
-18.9527035318482,33.26608199206938,Manica,Building
-18.95475318608522,33.26612476045165,Manica,Building
-18.945723161377135,33.2669388633122,Manica,Building
